Time (s) B2,Force (N) B2
-0.008,0.01
-0.0060000000000002,0.01
-0.0040000000000004,0.0
-0.0020000000000006,0.0
0.0,1.91
0.0019999999999997,5.89
0.0039999999999995,9.44
0.0059999999999993,18.82
0.008,27.2
0.0099999999999997,29.41
0.0119999999999995,28.16
0.0139999999999993,24.33
0.016,20.74
0.0179999999999997,15.47
0.0199999999999995,11.07
0.0219999999999993,6.36
0.024,2.99
0.0259999999999998,0.73
0.0279999999999995,0.02
0.0299999999999993,0.1
0.032,0.25
0.0339999999999998,-0.08
0.0359999999999995,-0.18
0.0379999999999993,0.01
0.04,0.06
0.0419999999999998,0.11
0.0439999999999995,0.07
0.0459999999999993,0.0
0.048,0.12
0.0499999999999998,-0.03
0.0519999999999996,-0.12
0.0539999999999993,0.06
0.056,0.13
0.0579999999999998,0.1
0.0599999999999996,-0.04
0.0619999999999993,-0.05
0.064,0.03
0.0659999999999998,-0.01
0.0679999999999996,0.02
0.0699999999999994,0.08
0.072,0.03
0.0739999999999998,-0.02
0.0759999999999996,0.01
0.0779999999999994,0.0
0.08,-0.01
0.0819999999999998,0.05
0.0839999999999996,0.06
0.0859999999999994,-0.01
0.088,0.01
0.0899999999999998,-0.08
0.0919999999999996,0.01
0.0939999999999994,0.1
0.096,0.03
0.0979999999999998,0.05
0.0999999999999996,-0.04
0.1019999999999994,-0.01
0.104,0.02
0.1059999999999998,0.02
0.1079999999999996,0.05
0.1099999999999994,0.0
0.1120000000000001,0.01
0.1139999999999998,0.0
0.1159999999999996,0.01
0.1179999999999994,0.04
0.1200000000000001,0.01
0.1219999999999998,0.03
0.1239999999999996,0.0
0.1259999999999994,-0.01
0.1280000000000001,0.0
0.1299999999999999,0.01
0.1319999999999996,0.04
0.1339999999999994,0.03
0.1360000000000001,0.03
0.1379999999999999,0.01
0.1399999999999996,-0.02
0.1419999999999994,0.02
0.1440000000000001,0.02
0.1459999999999999,0.03
0.1479999999999997,0.01
0.1499999999999994,-0.01
0.1520000000000001,0.0
0.1539999999999999,0.01
0.1559999999999997,0.03
0.1579999999999994,0.02
0.1600000000000001,0.0
0.1619999999999999,-0.01
0.1639999999999997,-0.01
0.1659999999999994,0.01
0.1680000000000001,0.01
0.1699999999999999,0.01
0.1719999999999997,0.02
0.1739999999999995,0.01
0.1760000000000001,0.0
0.1779999999999999,0.01
0.1799999999999997,0.02
0.1819999999999995,0.03
0.1840000000000001,0.01
0.1859999999999999,0.01
0.1879999999999997,0.0
0.1899999999999995,0.01
0.1919999999999992,0.02
0.1939999999999999,0.03
0.1959999999999997,0.02
0.1979999999999995,0.0
0.1999999999999993,0.0
0.2019999999999999,0.0
0.2039999999999997,0.01
0.2059999999999995,0.02
0.2079999999999993,0.01
0.2099999999999999,0.01
0.2119999999999997,0.02
0.2139999999999995,0.01
0.2159999999999993,0.01
0.2179999999999999,0.01
0.2199999999999997,0.01
0.2219999999999995,0.01
0.2239999999999993,0.0
0.2259999999999999,0.01
0.2279999999999997,0.01
0.2299999999999995,0.02
0.2319999999999993,0.02
0.2339999999999999,0.02
0.2359999999999997,0.02
0.2379999999999995,0.0
0.2399999999999993,0.0
0.242,0.02
0.2439999999999997,0.01
0.2459999999999995,0.02
0.2479999999999993,0.01
0.25,0.01
0.2519999999999998,0.01
0.2539999999999995,0.01
0.2559999999999993,0.02
0.258,0.0
0.2599999999999998,0.01
0.2619999999999995,0.01
0.2639999999999993,0.0
0.266,0.01
0.2679999999999998,0.0
0.2699999999999996,0.02
0.2719999999999993,0.03
0.274,0.01
0.2759999999999998,0.01
0.2779999999999996,0.0
0.2799999999999993,0.01
0.282,0.02
0.2839999999999998,0.02
0.2859999999999996,0.01
0.2879999999999993,0.01
0.29,0.0
0.2919999999999998,0.02
0.2939999999999996,0.02
0.2959999999999994,0.01
0.298,0.01
0.2999999999999998,0.0
0.3019999999999996,0.01
0.3039999999999994,0.02
0.306,0.01
0.3079999999999998,0.02
0.3099999999999996,0.02
0.3119999999999994,0.02
0.314,0.01
0.3159999999999998,0.01
0.3179999999999996,0.02
0.3199999999999994,0.02
0.322,0.02
0.3239999999999998,0.02
0.3259999999999996,0.01
0.3279999999999994,0.01
0.33,0.02
0.3319999999999998,0.01
0.3339999999999996,0.03
0.3359999999999994,0.0
0.3380000000000001,0.01
0.3399999999999998,0.01
0.3419999999999996,0.0
0.3439999999999994,0.02
0.3460000000000001,0.01
0.3479999999999998,0.01
0.3499999999999996,0.01
0.3519999999999994,0.0
0.3540000000000001,0.0
0.3559999999999998,0.0
0.3579999999999996,0.01
0.3599999999999994,0.02
0.3620000000000001,0.02
0.3639999999999999,0.02
0.3659999999999996,0.01
0.3679999999999994,0.01
0.3700000000000001,0.01
0.3719999999999999,0.01
0.3739999999999996,0.01
0.3759999999999994,0.01
0.3780000000000001,0.0
0.3799999999999999,0.02
0.3819999999999997,0.01
0.3839999999999994,0.01
0.3860000000000001,0.01
0.3879999999999999,0.01
0.3899999999999997,0.02
0.3919999999999994,0.01
0.3940000000000001,0.01
0.3959999999999999,0.01
0.3979999999999997,0.01
0.3999999999999994,0.01
0.4020000000000001,0.01
0.4039999999999999,0.01
0.4059999999999997,0.01
0.4079999999999995,0.02
0.4100000000000001,0.01
0.4119999999999999,0.02
0.4139999999999997,0.01
0.4159999999999995,0.01
0.4180000000000001,0.01
0.4199999999999999,0.02
0.4219999999999997,0.01
0.4239999999999995,0.01
0.4260000000000001,0.02
0.4279999999999999,0.02
0.4299999999999997,0.01
0.4319999999999995,0.01
0.4340000000000001,0.01
0.4359999999999999,0.02
0.4379999999999997,0.02
0.4399999999999995,0.01
0.4419999999999993,0.01
0.4439999999999999,0.01
0.4459999999999997,0.02
0.4479999999999995,0.02
0.4499999999999993,0.02
0.4519999999999999,0.01
0.4539999999999997,0.02
0.4559999999999995,0.01
0.4579999999999993,0.02
0.4599999999999999,0.02
0.4619999999999997,0.02
0.4639999999999995,0.02
0.4659999999999993,0.02
0.4679999999999999,0.02
0.4699999999999997,0.01
0.4719999999999995,0.02
0.4739999999999993,0.01
0.476,0.01
0.4779999999999997,0.02
0.4799999999999995,0.02
0.4819999999999993,0.01
0.484,0.02
0.4859999999999997,0.01
0.4879999999999995,0.01
0.4899999999999993,0.01
0.492,0.01
0.4939999999999998,0.01
0.4959999999999995,0.01
0.4979999999999993,0.02
0.5,0.01
0.5019999999999998,0.01
0.5039999999999996,0.0
0.5059999999999993,0.01
0.508,0.01
0.5099999999999998,0.01
0.5119999999999996,0.01
0.5139999999999993,0.01
0.516,0.01
0.5179999999999998,0.01
0.5199999999999996,0.01
0.5219999999999994,0.02
0.524,0.01
0.5259999999999998,0.01
0.5279999999999996,0.01
0.5299999999999994,0.01
0.532,0.0
0.5339999999999998,0.01
0.5359999999999996,0.01
0.5379999999999994,0.01
0.54,0.01
0.5419999999999998,0.0
0.5439999999999996,0.02
0.5459999999999994,0.01
0.548,0.01
0.5499999999999998,0.0
0.5519999999999996,0.0
0.5539999999999994,0.01
0.556,0.01
0.5579999999999998,0.01
0.5599999999999996,0.02
0.5619999999999994,0.02
0.5640000000000001,0.02
0.5659999999999998,0.01
0.5679999999999996,0.0
0.5699999999999994,0.01
0.5720000000000001,0.01
0.5739999999999998,0.01
0.5759999999999996,0.01
0.5779999999999994,0.02
0.5800000000000001,0.01
0.5819999999999999,0.02
0.5839999999999996,0.02
0.5859999999999994,0.02
0.5880000000000001,0.01
0.5899999999999999,0.01
0.5919999999999996,0.0
0.5939999999999994,0.0
0.5960000000000001,0.01
0.5979999999999999,0.02
0.5999999999999996,0.01
0.6019999999999994,0.01
0.6040000000000001,0.01
0.6059999999999999,0.01
0.6079999999999997,0.02
0.6099999999999994,0.01
0.6120000000000001,0.01
0.6139999999999999,0.01
0.6159999999999997,0.01
0.6179999999999994,0.01
0.6200000000000001,0.02
0.6219999999999999,0.02
0.6239999999999997,0.02
0.6259999999999994,0.02
0.6280000000000001,0.01
0.6299999999999999,0.01
0.6319999999999997,0.01
0.6339999999999995,0.01
0.6360000000000001,0.02
0.6379999999999999,0.02
0.6399999999999997,0.01
0.6419999999999995,0.02
0.6440000000000001,0.02
0.6459999999999999,0.01
0.6479999999999997,0.01
0.6499999999999995,0.01
0.6520000000000001,0.01
0.6539999999999999,0.01
0.6559999999999997,0.01
0.6579999999999995,0.01
0.6600000000000001,0.01
0.6619999999999999,0.01
0.6639999999999997,0.01
0.6659999999999995,0.0
0.6680000000000001,0.01
0.6699999999999999,0.01
0.6719999999999997,0.01
0.6739999999999995,0.01
0.6760000000000002,0.01
0.6779999999999999,0.01
0.6799999999999997,0.01
0.6819999999999995,0.01
0.6840000000000002,0.01
0.6859999999999999,0.0
0.6879999999999997,0.01
0.6899999999999995,0.01
0.6919999999999993,0.01
0.694,0.01
0.6959999999999997,0.01
0.6979999999999995,0.02
0.6999999999999993,0.02
0.702,0.02
0.7039999999999997,0.02
0.7059999999999995,0.02
0.7079999999999993,0.01
0.71,0.01
0.7119999999999997,0.0
0.7139999999999995,0.01
0.7159999999999993,0.01
0.718,0.0
0.7199999999999998,0.0
0.7219999999999995,0.0
0.7239999999999993,0.0
0.726,0.01
0.7279999999999998,0.01
0.7299999999999995,0.0
0.7319999999999993,0.01
0.734,0.0
0.7359999999999998,0.01
0.7379999999999995,0.01
0.7399999999999993,0.0
0.742,0.0
0.7439999999999998,0.0
0.7459999999999996,0.01
0.7479999999999993,0.01
0.75,0.0
0.7519999999999998,0.0
0.7539999999999996,0.01
0.7559999999999993,0.01
0.758,0.01
0.7599999999999998,0.02
0.7619999999999996,0.02
0.7639999999999993,0.0
0.766,0.01
0.7679999999999998,0.01
0.7699999999999996,0.0
0.7719999999999994,0.01
0.774,0.01
0.7759999999999998,0.02
0.7779999999999996,0.01
0.7799999999999994,0.0
0.782,0.01
0.7839999999999998,0.01
0.7859999999999996,0.0
0.7879999999999994,0.01
0.79,0.0
0.7919999999999998,0.0
0.7939999999999996,0.01
0.7959999999999994,0.0
0.798,0.01
0.7999999999999998,0.01
0.8019999999999996,0.0
0.8039999999999994,0.0
0.806,0.01
0.8079999999999998,0.01
0.8099999999999996,0.0
0.8119999999999994,0.0
0.8140000000000001,0.01
0.8159999999999998,0.01
0.8179999999999996,0.01
0.8199999999999994,0.01
0.8220000000000001,0.01
0.8239999999999998,0.01
0.8259999999999996,0.0
0.8279999999999994,0.01
0.8300000000000001,0.02
0.8319999999999999,0.01
0.8339999999999996,0.01
0.8359999999999994,0.02
0.8380000000000001,0.0
0.8399999999999999,0.01
0.8419999999999996,0.01
0.8439999999999994,0.01
0.8460000000000001,0.01
0.8479999999999999,0.01
0.8499999999999996,0.01
0.8519999999999994,0.01
0.8540000000000001,0.0
0.8559999999999999,0.01
0.8579999999999997,0.01
0.8599999999999994,0.01
0.8620000000000001,0.01
0.8639999999999999,0.02
0.8659999999999997,0.01
0.8679999999999994,0.02
0.8700000000000001,0.02
0.8719999999999999,0.01
0.8739999999999997,0.01
0.8759999999999994,0.02
0.8780000000000001,0.01
0.8799999999999999,0.0
0.8819999999999997,0.01
0.8839999999999995,0.01
0.8860000000000001,0.01
0.8879999999999999,0.0
0.8899999999999997,0.01
0.8919999999999995,0.01
0.8940000000000001,0.01
0.8959999999999999,0.01
0.8979999999999997,0.0
0.8999999999999995,0.0
0.902,0.01
0.904,0.0
0.9059999999999996,0.0
0.9079999999999996,0.01
0.91,0.01
0.912,0.02
0.9139999999999996,0.02
0.9159999999999996,0.01
0.918,0.01
0.92,0.01
0.9219999999999996,0.01
0.9239999999999996,0.01
0.9260000000000002,0.0
0.928,0.02
0.9299999999999996,0.01
0.9319999999999996,0.01
0.9340000000000002,0.02
0.936,0.0
0.9379999999999996,0.02
0.9399999999999996,0.01
0.9419999999999992,0.0
0.944,0.01
0.9459999999999996,0.0
0.9479999999999996,0.01
0.9499999999999992,0.0
0.952,0.0
0.9539999999999996,0.01
0.9559999999999996,0.01
0.9579999999999992,0.01
0.96,0.01
0.9619999999999996,0.28
0.9639999999999996,1.43
0.9659999999999992,1.99
0.968,3.15
0.9699999999999998,4.5
0.9719999999999996,5.89
0.9739999999999992,7.32
0.976,8.72
0.9779999999999998,9.49
0.9799999999999996,9.85
0.9819999999999992,9.84
0.984,9.27
0.9859999999999998,8.21
0.9879999999999995,6.67
0.9899999999999992,5.15
0.992,3.65
0.9939999999999998,2.76
0.9959999999999996,2.07
0.9979999999999992,1.54
1.0,1.01
1.0019999999999998,0.71
1.0039999999999996,0.44
1.0059999999999991,0.23
1.008,0.09
1.0099999999999998,0.06
1.0119999999999996,0.05
1.0139999999999991,0.02
1.016,0.01
1.0179999999999998,0.01
1.0199999999999996,0.01
1.0219999999999994,0.0
1.024,0.01
1.0259999999999998,0.02
1.0279999999999996,0.01
1.0299999999999994,0.0
1.032,-0.01
1.0339999999999998,0.01
1.0359999999999996,0.02
1.0379999999999994,0.01
1.04,0.01
1.0419999999999998,0.0
1.0439999999999996,0.0
1.0459999999999994,0.01
1.048,0.0
1.0499999999999998,0.03
1.0519999999999996,0.02
1.0539999999999994,0.01
1.056,0.01
1.0579999999999998,0.0
1.0599999999999996,0.02
1.0619999999999994,0.0
1.064,0.0
1.0659999999999998,0.01
1.0679999999999996,-0.01
1.0699999999999994,0.0
1.072,0.0
1.0739999999999998,0.01
1.0759999999999996,0.02
1.0779999999999994,0.01
1.08,0.01
1.082,0.0
1.0839999999999996,0.0
1.0859999999999994,0.01
1.088,0.01
1.09,0.01
1.0919999999999996,0.0
1.0939999999999994,0.0
1.096,0.01
1.098,0.01
1.0999999999999996,0.01
1.1019999999999994,0.01
1.104,0.0
1.106,0.0
1.1079999999999997,0.01
1.1099999999999994,0.0
1.112,0.01
1.114,0.01
1.1159999999999997,0.01
1.1179999999999994,0.0
1.12,0.0
1.122,0.0
1.1239999999999997,0.0
1.1259999999999994,0.0
1.128,0.01
1.13,0.0
1.1319999999999997,0.01
1.1339999999999997,0.0
1.136,0.0
1.138,0.01
1.1399999999999997,0.0
1.1419999999999997,0.01
1.144,0.0
1.146,0.0
1.1479999999999997,0.01
1.1499999999999997,0.0
1.152,0.0
1.154,0.01
1.1559999999999997,0.0
1.1579999999999997,0.01
1.16,0.0
1.162,0.02
1.1639999999999997,0.01
1.1659999999999997,0.0
1.168,0.0
1.17,0.01
1.1719999999999997,0.01
1.1739999999999997,0.01
1.1760000000000002,0.01
1.178,0.01
1.1799999999999995,0.02
1.1819999999999995,0.01
1.1840000000000002,0.01
1.186,0.01
1.1879999999999995,0.01
1.1899999999999995,0.02
1.1919999999999993,0.01
1.194,0.01
1.1959999999999995,0.02
1.1979999999999995,0.02
1.1999999999999993,0.01
1.202,0.01
1.2039999999999995,0.02
1.2059999999999995,0.02
1.2079999999999993,0.01
1.21,0.02
1.2119999999999995,0.01
1.2139999999999995,0.02
1.2159999999999993,0.01
1.218,0.02
1.2199999999999998,0.0
1.2219999999999995,0.01
1.2239999999999993,0.0
1.226,0.01
1.2279999999999998,0.0
1.2299999999999995,0.0
1.231999999999999,0.0
1.234,0.01
1.2359999999999998,0.01
1.2379999999999995,0.02
1.239999999999999,0.02
1.242,0.01
1.2439999999999998,0.01
1.2459999999999996,0.01
1.247999999999999,0.02
1.25,0.01
1.2519999999999998,0.0
1.2539999999999996,0.0
1.2559999999999991,0.01
1.258,0.01
1.2599999999999998,0.01
1.2619999999999996,0.0
1.2639999999999991,0.01
1.266,0.01
1.2679999999999998,0.01
1.2699999999999996,0.01
1.2719999999999994,0.01
1.274,0.0
1.2759999999999998,0.02
1.2779999999999996,0.01
1.2799999999999994,0.01
1.282,0.01
1.2839999999999998,0.01
1.2859999999999996,0.01
1.2879999999999994,0.01
1.29,0.02
1.2919999999999998,0.02
1.2939999999999996,0.01
1.2959999999999994,0.02
1.298,0.02
1.2999999999999998,0.01
1.3019999999999996,0.01
1.3039999999999994,0.01
1.306,0.01
1.3079999999999998,0.0
1.3099999999999996,0.0
1.3119999999999994,0.01
1.314,0.01
1.3159999999999998,0.01
1.3179999999999996,0.0
1.3199999999999994,0.0
1.322,0.01
1.3239999999999998,0.0
1.3259999999999996,0.01
1.3279999999999994,0.01
1.33,0.01
1.332,0.0
1.3339999999999996,0.0
1.3359999999999994,0.01
1.338,0.0
1.34,0.01
1.3419999999999996,0.01
1.3439999999999994,0.0
1.346,0.0
1.348,0.01
1.3499999999999996,0.0
1.3519999999999994,0.01
1.354,0.01
1.356,0.01
1.3579999999999997,0.02
1.3599999999999994,0.01
1.362,0.01
1.364,0.02
1.3659999999999997,0.01
1.3679999999999994,0.02
1.37,0.01
1.372,0.02
1.3739999999999997,0.01
1.3759999999999994,0.0
1.378,0.01
1.38,0.0
1.3819999999999997,0.0
1.3839999999999997,0.0
1.386,0.0
1.388,0.0
1.3899999999999997,0.0
1.3919999999999997,0.0
1.394,0.0
1.396,0.0
1.3979999999999997,0.01
1.3999999999999997,0.0
1.402,0.01
1.404,0.01
1.4059999999999997,0.01
1.4079999999999997,0.01
1.41,0.01
1.412,0.01
1.4139999999999997,0.01
1.4159999999999997,0.01
1.418,0.2
1.42,0.66
1.4219999999999997,0.99
1.4239999999999997,1.25
1.4260000000000002,1.62
1.428,2.0
1.4299999999999995,2.3
1.4319999999999995,2.66
1.4340000000000002,2.98
1.436,3.24
1.4379999999999995,3.43
1.4400000000000004,3.57
1.4419999999999993,3.62
1.444,3.6
1.4459999999999988,3.45
1.4479999999999995,3.19
1.4500000000000002,2.83
1.451999999999999,2.46
1.4539999999999995,2.11
1.4560000000000004,1.71
1.4579999999999993,1.37
1.46,1.08
1.4619999999999989,0.83
1.4639999999999995,0.6
1.4660000000000002,0.47
1.467999999999999,0.34
1.4699999999999998,0.26
1.4720000000000004,0.2
1.4739999999999993,0.11
1.476,0.03
1.4779999999999989,0.01
1.4799999999999995,0.01
1.4820000000000002,0.01
1.483999999999999,0.01
1.4859999999999998,0.0
1.4880000000000004,0.0
1.489999999999999,0.0
1.492,-0.01
1.4939999999999989,0.0
1.4959999999999996,0.01
1.4980000000000002,0.0
1.4999999999999991,0.01
1.5019999999999998,0.02
1.5040000000000004,0.02
1.5059999999999991,0.01
1.508,0.0
1.509999999999999,0.01
1.5119999999999996,0.01
1.5140000000000002,0.02
1.5159999999999991,0.02
1.5179999999999998,0.01
1.5200000000000005,0.01
1.5219999999999994,0.01
1.524,0.01
1.525999999999999,0.02
1.5279999999999996,0.01
1.5300000000000002,0.01
1.5319999999999991,0.01
1.5339999999999998,0.01
1.5360000000000005,0.01
1.5379999999999994,0.01
1.54,0.0
1.541999999999999,0.01
1.5439999999999996,0.0
1.5460000000000005,0.01
1.5479999999999992,0.0
1.5499999999999998,0.0
1.5520000000000005,0.0
1.5539999999999994,0.0
1.556,0.0
1.557999999999999,0.02
1.5599999999999996,0.0
1.5620000000000005,0.02
1.5639999999999992,0.01
1.5659999999999998,0.0
1.5680000000000005,0.02
1.5699999999999994,0.01
1.572,0.01
1.573999999999999,0.01
1.5759999999999996,0.01
1.5780000000000003,0.02
1.5799999999999992,0.01
1.582,0.01
1.5840000000000003,0.01
1.5859999999999994,0.01
1.588,0.01
1.589999999999999,0.02
1.5919999999999996,0.01
1.5940000000000003,0.01
1.5959999999999992,0.0
1.598,0.0
1.6000000000000003,0.01
1.6019999999999994,0.0
1.604,0.01
1.605999999999999,0.01
1.6079999999999997,0.0
1.6100000000000003,0.01
1.6119999999999992,0.01
1.614,0.01
1.6160000000000003,0.01
1.6179999999999994,0.01
1.62,0.01
1.621999999999999,0.01
1.6239999999999997,0.01
1.6260000000000003,0.0
1.6279999999999992,0.02
1.63,0.01
1.6320000000000006,0.02
1.6339999999999997,0.01
1.636,0.01
1.637999999999999,0.01
1.6399999999999997,0.02
1.6420000000000003,0.02
1.6439999999999992,0.01
1.646,0.01
1.6480000000000006,0.02
1.6499999999999997,0.02
1.652,0.02
1.653999999999999,0.02
1.6559999999999997,0.02
1.6580000000000004,0.01
1.6599999999999993,0.01
1.662,0.01
1.6640000000000006,0.01
1.6659999999999997,0.01
1.668,0.01
1.669999999999999,0.0
1.6719999999999997,0.02
1.6740000000000004,0.01
1.6759999999999993,0.01
1.678,0.01
1.6800000000000006,0.01
1.6819999999999995,0.0
1.6840000000000002,0.01
1.685999999999999,0.01
1.6879999999999995,0.01
1.6900000000000004,0.01
1.6919999999999993,0.1
1.694,0.3
1.6959999999999988,0.52
1.6979999999999995,0.75
1.7000000000000002,0.88
1.701999999999999,1.05
1.7039999999999995,1.19
1.7060000000000004,1.36
1.7079999999999993,1.48
1.71,1.57
1.7119999999999989,1.67
1.7139999999999995,1.74
1.7160000000000002,1.78
1.717999999999999,1.81
1.7199999999999998,1.82
1.7220000000000004,1.79
1.7239999999999993,1.73
1.726,1.64
1.7279999999999989,1.52
1.7299999999999995,1.34
1.7320000000000002,1.17
1.733999999999999,1.03
1.7359999999999998,0.9
1.7380000000000004,0.78
1.739999999999999,0.66
1.742,0.55
1.7439999999999989,0.46
1.7459999999999996,0.36
1.7480000000000002,0.29
1.7499999999999991,0.22
1.7519999999999998,0.17
1.7540000000000004,0.11
1.7559999999999991,0.06
1.758,0.03
1.759999999999999,0.02
1.7619999999999996,0.01
1.7640000000000002,0.01
1.7659999999999991,0.0
1.7679999999999998,0.01
1.7700000000000005,0.01
1.7719999999999994,0.0
1.774,0.01
1.775999999999999,0.02
1.7779999999999996,0.02
1.7800000000000002,0.02
1.7819999999999991,0.02
1.7839999999999998,0.01
1.7860000000000005,0.01
1.7879999999999994,0.01
1.79,0.02
1.791999999999999,0.01
1.7939999999999996,0.01
1.7960000000000005,0.01
1.7979999999999992,0.01
1.7999999999999998,0.01
1.8020000000000005,0.02
1.8039999999999996,0.03
1.806,0.02
1.807999999999999,0.01
1.81,0.01
1.8120000000000005,0.01
1.8139999999999992,0.01
1.816,0.01
1.8180000000000005,0.01
1.8199999999999996,0.02
1.822,0.01
1.823999999999999,0.01
1.826,0.02
1.8280000000000003,0.02
1.8299999999999992,0.01
1.832,0.01
1.8340000000000003,0.01
1.8359999999999996,0.01
1.838,0.0
1.839999999999999,0.01
1.842,0.01
1.8440000000000003,0.02
1.8459999999999992,0.01
1.848,0.01
1.8500000000000003,0.02
1.8519999999999996,0.02
1.854,0.0
1.855999999999999,0.01
1.858,0.01
1.8600000000000003,0.0
1.8619999999999992,0.03
1.864,0.08
1.8660000000000003,0.15
1.8679999999999997,0.27
1.87,0.37
1.871999999999999,0.48
1.874,0.6
1.8760000000000003,0.68
1.8779999999999992,0.74
1.88,0.82
1.8820000000000008,0.87
1.8839999999999997,0.92
1.886,0.95
1.887999999999999,0.98
1.89,1.0
1.8920000000000003,1.01
1.8939999999999992,1.01
1.896,1.0
1.8980000000000008,0.99
1.8999999999999997,0.94
1.902,0.88
1.903999999999999,0.83
1.906,0.77
1.9080000000000004,0.7
1.9099999999999997,0.62
1.912,0.55
1.9140000000000008,0.46
1.9159999999999997,0.4
1.918,0.35
1.919999999999999,0.3
1.922,0.26
1.9240000000000004,0.22
1.9259999999999995,0.18
1.928,0.15
1.9300000000000008,0.11
1.9319999999999995,0.08
1.934,0.07
1.935999999999999,0.05
1.938,0.04
1.9400000000000004,0.04
1.9419999999999995,0.03
1.944,0.02
1.9459999999999988,0.02
1.9479999999999995,0.01
1.95,0.01
1.951999999999999,0.01
1.954,0.0
1.9560000000000004,0.01
1.9579999999999995,0.01
1.96,0.01
1.9619999999999989,0.02
1.9639999999999995,0.03
1.966,0.03
1.967999999999999,0.05
1.97,0.05
1.9720000000000004,0.07
1.9739999999999995,0.09
1.976,0.1
1.9779999999999989,0.12
1.9799999999999995,0.16
1.982,0.2
1.983999999999999,0.25
1.986,0.28
1.9880000000000004,0.34
1.9899999999999995,0.38
1.992,0.43
1.9939999999999989,0.47
1.996,0.49
1.998,0.53
1.9999999999999991,0.55
2.002,0.56
2.0040000000000004,0.57
2.006,0.57
2.008,0.58
2.009999999999999,0.59
2.012,0.58
2.014,0.57
2.015999999999999,0.55
2.018,0.53
2.0200000000000005,0.5
2.022,0.48
2.024,0.46
2.025999999999999,0.42
2.028,0.4
2.03,0.36
2.031999999999999,0.34
2.034,0.29
2.0360000000000005,0.28
2.038,0.25
2.04,0.22
2.041999999999999,0.21
2.044,0.19
2.0460000000000003,0.18
2.047999999999999,0.16
2.05,0.15
2.0520000000000005,0.15
2.0539999999999994,0.14
2.056,0.13
2.057999999999999,0.13
2.06,0.13
2.0620000000000003,0.13
2.063999999999999,0.14
2.066,0.15
2.0680000000000005,0.16
2.0699999999999994,0.17
2.072,0.19
2.073999999999999,0.21
2.076,0.22
2.0780000000000003,0.23
2.079999999999999,0.26
2.082,0.28
2.0840000000000005,0.29
2.0859999999999994,0.32
2.088,0.34
2.089999999999999,0.36
2.092,0.37
2.0940000000000003,0.38
2.095999999999999,0.4
2.098,0.41
2.1000000000000005,0.41
2.1019999999999994,0.42
2.104,0.42
2.105999999999999,0.42
2.108,0.42
2.1100000000000003,0.4
2.111999999999999,0.4
2.114,0.39
2.1160000000000005,0.38
2.1179999999999994,0.36
2.12,0.35
2.121999999999999,0.33
2.124,0.32
2.1260000000000003,0.31
2.1279999999999992,0.29
2.13,0.27
2.132000000000001,0.26
2.1339999999999995,0.26
2.136,0.24
2.137999999999999,0.24
2.14,0.23
2.1420000000000003,0.22
2.1439999999999992,0.21
2.146,0.21
2.148000000000001,0.21
2.1499999999999995,0.21
2.152,0.21
2.153999999999999,0.21
2.156,0.23
2.1580000000000004,0.23
2.1599999999999997,0.24
2.162,0.24
2.1640000000000006,0.25
2.1659999999999995,0.26
2.168,0.28
2.169999999999999,0.29
2.172,0.29
2.1740000000000004,0.31
2.1759999999999997,0.31
2.178,0.33
2.1800000000000006,0.33
2.1819999999999995,0.33
2.184,0.34
2.185999999999999,0.34
2.188,0.35
2.1900000000000004,0.34
2.1919999999999997,0.34
2.194,0.33
2.195999999999999,0.34
2.1979999999999995,0.33
2.2,0.33
2.201999999999999,0.33
2.204,0.32
2.2060000000000004,0.32
2.2079999999999997,0.31
2.21,0.31
2.211999999999999,0.3
2.2139999999999995,0.29
2.216,0.28
2.217999999999999,0.28
2.22,0.28
2.2220000000000004,0.26
2.2239999999999998,0.26
2.226,0.26
2.227999999999999,0.26
2.2299999999999995,0.26
2.232,0.26
2.233999999999999,0.26
2.236,0.26
2.2380000000000004,0.26
2.2399999999999998,0.26
2.242,0.26
2.243999999999999,0.27
2.246,0.26
2.248,0.28
2.249999999999999,0.28
2.252,0.28
2.2540000000000004,0.29
2.256,0.29
2.258,0.29
2.259999999999999,0.31
2.262,0.31
2.264,0.32
2.265999999999999,0.32
2.268,0.32
2.2700000000000005,0.32
2.272,0.32
2.274,0.31
2.275999999999999,0.32
2.278,0.32
2.28,0.32
2.281999999999999,0.32
2.284,0.31
2.2860000000000005,0.3
2.288,0.31
2.29,0.3
2.291999999999999,0.3
2.294,0.3
2.2960000000000003,0.3
2.297999999999999,0.29
2.3,0.29
2.3020000000000005,0.28
2.3039999999999994,0.28
2.306,0.28
2.307999999999999,0.29
2.31,0.28
2.3120000000000003,0.28
2.313999999999999,0.28
2.316,0.28
2.3180000000000005,0.28
2.3199999999999994,0.28
2.322,0.28
2.323999999999999,0.28
2.326,0.28
2.3280000000000003,0.29
2.329999999999999,0.29
2.332,0.29
2.3340000000000005,0.3
2.3359999999999994,0.3
2.338,0.3
2.339999999999999,0.3
2.342,0.31
2.3440000000000003,0.3
2.345999999999999,0.31
2.348,0.31
2.3500000000000005,0.31
2.3519999999999994,0.31
2.354,0.31
2.355999999999999,0.31
2.358,0.31
2.3600000000000003,0.3
2.361999999999999,0.3
2.364,0.3
2.3660000000000005,0.3
2.3679999999999994,0.29
2.37,0.28
2.371999999999999,0.29
2.374,0.28
2.3760000000000003,0.29
2.3779999999999992,0.29
2.38,0.27
2.382000000000001,0.28
2.3839999999999995,0.28
2.386,0.28
2.387999999999999,0.28
2.39,0.28
2.3920000000000003,0.28
2.3939999999999992,0.28
2.396,0.29
2.398000000000001,0.29
2.3999999999999995,0.28
2.402,0.29
2.403999999999999,0.29
2.406,0.28
2.4080000000000004,0.28
2.4099999999999997,0.29
2.412,0.3
2.4140000000000006,0.3
2.4159999999999995,0.29
2.418,0.29
2.419999999999999,0.3
2.422,0.29
2.4240000000000004,0.29
2.4259999999999997,0.3
2.428,0.29
2.4300000000000006,0.28
2.4319999999999995,0.29
2.434,0.29
2.435999999999999,0.28
2.438,0.29
2.4400000000000004,0.28
2.4419999999999997,0.28
2.444,0.28
2.445999999999999,0.29
2.4479999999999995,0.28
2.45,0.28
2.451999999999999,0.29
2.454,0.28
2.4560000000000004,0.29
2.4579999999999997,0.29
2.46,0.3
2.461999999999999,0.29
2.4639999999999995,0.29
2.466,0.28
2.467999999999999,0.29
2.47,0.28
2.4720000000000004,0.28
2.4739999999999998,0.28
2.476,0.28
2.477999999999999,0.28
2.4799999999999995,0.28
2.482,0.29
2.483999999999999,0.28
2.486,0.28
2.4880000000000004,0.28
2.4899999999999998,0.29
2.492,0.29
2.493999999999999,0.28
2.496,0.29
2.498,0.28
2.499999999999999,0.28
2.502,0.28
2.5040000000000004,0.28
2.506,0.28
2.508,0.29
2.509999999999999,0.29
2.512,0.29
2.514,0.28
2.515999999999999,0.29
2.518,0.29
2.5200000000000005,0.29
2.522,0.3
2.524,0.3
2.525999999999999,0.3
2.528,0.29
2.53,0.29
2.531999999999999,0.29
2.534,0.3
2.5360000000000005,0.29
2.538,0.29
2.54,0.29
2.541999999999999,0.28
2.544,0.29
2.5460000000000003,0.29
2.547999999999999,0.29
2.55,0.28
2.5520000000000005,0.29
2.5539999999999994,0.29
2.556,0.29
2.557999999999999,0.29
2.56,0.29
2.5620000000000003,0.29
2.563999999999999,0.29
2.566,0.28
2.5680000000000005,0.29
2.5699999999999994,0.29
2.572,0.28
2.573999999999999,0.29
2.576,0.29
2.5780000000000003,0.28
2.579999999999999,0.29
2.582,0.29
2.5840000000000005,0.29
2.5859999999999994,0.3
2.588,0.29
2.589999999999999,0.29
2.592,0.28
2.5940000000000003,0.29
2.595999999999999,0.29
2.598,0.29
2.6000000000000005,0.28
2.6019999999999994,0.27
2.604,0.28
2.605999999999999,0.28
2.608,0.29
2.6100000000000003,0.28
2.611999999999999,0.28
2.614,0.28
2.6160000000000005,0.28
2.6179999999999994,0.28
2.62,0.28
2.621999999999999,0.29
2.624,0.29
2.6260000000000003,0.29
2.6279999999999992,0.29
2.63,0.29
2.632000000000001,0.3
2.6339999999999995,0.3
2.636,0.31
2.637999999999999,0.3
2.64,0.3
2.6420000000000003,0.29
2.6439999999999992,0.29
2.646,0.29
2.648000000000001,0.29
2.6499999999999995,0.29
2.652,0.29
2.653999999999999,0.29
2.656,0.29
2.6580000000000004,0.29
2.6599999999999997,0.29
2.662,0.28
2.6640000000000006,0.28
2.6659999999999995,0.28
2.668,0.28
2.669999999999999,0.29
2.672,0.28
2.6740000000000004,0.28
2.6759999999999997,0.28
2.678,0.29
2.6800000000000006,0.29
2.6819999999999995,0.3
2.684,0.29
2.685999999999999,0.29
2.688,0.29
2.6900000000000004,0.29
2.6919999999999997,0.29
2.694,0.29
2.695999999999999,0.3
2.6979999999999995,0.29
2.7,0.29
2.701999999999999,0.29
2.704,0.29
2.7060000000000004,0.3
2.7079999999999997,0.29
2.71,0.3
2.711999999999999,0.3
2.7139999999999995,0.29
2.716,0.3
2.717999999999999,0.29
2.72,0.29
2.7220000000000004,0.28
2.7239999999999998,0.29
2.726,0.29
2.727999999999999,0.29
2.7299999999999995,0.29
2.732,0.29
2.733999999999999,0.29
2.736,0.29
2.7380000000000004,0.28
2.7399999999999998,0.29
2.742,0.29
2.743999999999999,0.29
2.746,0.29
2.748,0.29
2.749999999999999,0.29
2.752,0.29
2.7540000000000004,0.3
2.756,0.3
2.758,0.3
2.759999999999999,0.3
2.762,0.3
2.764,0.29
2.765999999999999,0.29
2.768,0.29
2.7700000000000005,0.3
2.772,0.28
2.774,0.29
2.775999999999999,0.29
2.778,0.29
2.78,0.29
2.781999999999999,0.29
2.784,0.29
2.7860000000000005,0.28
2.788,0.29
2.79,0.29
2.791999999999999,0.28
2.794,0.29
2.7960000000000003,0.3
2.797999999999999,0.29
2.8,0.28
2.8020000000000005,0.29
2.8039999999999994,0.29
2.806,0.28
2.807999999999999,0.29
2.81,0.29
2.8120000000000003,0.29
2.813999999999999,0.29
2.816,0.29
2.8180000000000005,0.3
2.8199999999999994,0.3
2.822,0.3
2.823999999999999,0.3
2.826,0.29
2.8280000000000003,0.3
2.829999999999999,0.3
2.832,0.3
2.8340000000000005,0.29
2.8359999999999994,0.3
2.838,0.29
2.839999999999999,0.29
2.842,0.28
2.8440000000000003,0.28
2.845999999999999,0.29
2.848,0.29
2.8500000000000005,0.29
2.8519999999999994,0.29
2.854,0.28
2.855999999999999,0.28
2.858,0.28
2.8600000000000003,0.28
2.861999999999999,0.29
2.864,0.29
2.8660000000000005,0.29
2.8679999999999994,0.29
2.87,0.28
2.871999999999999,0.28
2.874,0.29
2.8760000000000003,0.29
2.8779999999999992,0.3
2.88,0.3
2.882000000000001,0.3
2.8839999999999995,0.3
2.886,0.29
2.887999999999999,0.29
2.89,0.29
2.8920000000000003,0.28
2.8939999999999992,0.29
2.896,0.29
2.898000000000001,0.28
2.8999999999999995,0.28
2.902,0.28
2.903999999999999,0.28
2.906,0.28
2.9080000000000004,0.28
2.9099999999999997,0.28
2.912,0.27
2.9140000000000006,0.28
2.9159999999999995,0.28
2.918,0.29
2.919999999999999,0.28
2.922,0.29
2.9240000000000004,0.29
2.9259999999999997,0.29
2.928,0.29
2.9300000000000006,0.29
2.9319999999999995,0.29
2.934,0.29
2.935999999999999,0.29
2.938,0.29
2.9400000000000004,0.29
2.9419999999999997,0.29
2.944,0.3
2.945999999999999,0.3
2.9479999999999995,0.29
2.95,0.3
2.951999999999999,0.29
2.954,0.29
2.9560000000000004,0.29
2.9579999999999997,0.29
2.96,0.29
2.961999999999999,0.29
2.9639999999999995,0.29
2.966,0.28
2.967999999999999,0.28
2.97,0.28
2.9720000000000004,0.29
2.9739999999999998,0.29
2.976,0.29
2.977999999999999,0.29
2.9799999999999995,0.29
2.982,0.29
2.983999999999999,0.28
2.986,0.29
2.9880000000000004,0.3
2.9899999999999998,0.29
2.992,0.29
2.993999999999999,0.29
2.996,0.29
2.998,0.3
2.999999999999999,0.29
3.002,0.29
3.0040000000000004,0.3
3.006,0.29
3.008,0.3
3.009999999999999,0.29
3.012,0.29
3.014,0.29
3.015999999999999,0.29
3.018,0.28
3.0200000000000005,0.29
3.022,0.29
3.024,0.29
3.025999999999999,0.28
3.028,0.29
3.03,0.29
3.031999999999999,0.28
3.034,0.29
3.0360000000000005,0.29
3.038,0.29
3.04,0.29
3.041999999999999,0.29
3.044,0.29
3.0460000000000003,0.28
3.047999999999999,0.29
3.05,0.29
3.0520000000000005,0.29
3.0539999999999994,0.29
3.056,0.3
3.057999999999999,0.3
3.06,0.3
3.0620000000000003,0.3
3.063999999999999,0.29
3.066,0.29
3.0680000000000005,0.3
3.0699999999999994,0.29
3.072,0.29
3.073999999999999,0.29
3.076,0.29
3.0780000000000003,0.29
3.079999999999999,0.29
3.082,0.29
3.0840000000000005,0.29
3.0859999999999994,0.29
3.088,0.29
3.089999999999999,0.29
3.092,0.29
3.0940000000000003,0.29
3.095999999999999,0.29
3.098,0.28
3.1000000000000005,0.29
3.1019999999999994,0.29
3.104,0.29
3.105999999999999,0.29
3.108,0.3
3.1100000000000003,0.29
3.111999999999999,0.29
3.114,0.29
3.1160000000000005,0.29
3.1179999999999994,0.29
3.12,0.29
3.121999999999999,0.29
3.124,0.3
3.1260000000000003,0.29
3.1279999999999992,0.3
3.13,0.29
3.132000000000001,0.3
3.1339999999999995,0.29
3.136,0.29
3.137999999999999,0.3
3.14,0.29
3.1420000000000003,0.29
3.1439999999999992,0.28
3.146,0.29
3.148000000000001,0.28
3.1499999999999995,0.28
3.152,0.29
3.153999999999999,0.28
3.156,0.29
3.1580000000000004,0.29
3.1599999999999997,0.29
3.162,0.29
3.1640000000000006,0.28
3.1659999999999995,0.29
3.168,0.29
3.169999999999999,0.29
3.172,0.29
3.1740000000000004,0.29
3.1759999999999997,0.28
3.178,0.29
3.1800000000000006,0.29
3.1819999999999995,0.3
3.184,0.29
3.185999999999999,0.29
3.188,0.29
3.1900000000000004,0.29
3.1919999999999997,0.29
3.194,0.29
3.195999999999999,0.29
3.1979999999999995,0.29
3.2,0.29
3.201999999999999,0.29
3.204,0.28
3.2060000000000004,0.29
3.2079999999999997,0.29
3.21,0.28
3.211999999999999,0.28
3.2139999999999995,0.29
3.216,0.29
3.217999999999999,0.29
3.22,0.29
3.2220000000000004,0.29
3.2239999999999998,0.29
3.226,0.28
3.227999999999999,0.28
3.2299999999999995,0.29
3.232,0.29
3.233999999999999,0.29
3.236,0.3
3.2380000000000004,0.29
3.2399999999999998,0.29
3.242,0.29
3.243999999999999,0.29
3.246,0.29
3.248,0.29
3.249999999999999,0.29
3.252,0.28
3.2540000000000004,0.28
3.256,0.28
3.258,0.29
3.259999999999999,0.29
3.262,0.29
3.264,0.29
3.265999999999999,0.29
3.268,0.29
3.2700000000000005,0.28
3.272,0.28
3.274,0.28
3.275999999999999,0.28
3.278,0.28
3.28,0.29
3.281999999999999,0.29
3.284,0.29
3.2860000000000005,0.29
3.288,0.29
3.29,0.29
3.291999999999999,0.29
3.294,0.3
3.2960000000000003,0.3
3.297999999999999,0.29
3.3,0.29
3.3020000000000005,0.29
3.3039999999999994,0.29
3.306,0.3
3.307999999999999,0.3
3.31,0.3
3.3120000000000003,0.29
3.313999999999999,0.29
3.316,0.29
3.3180000000000005,0.29
3.3199999999999994,0.3
3.322,0.28
3.323999999999999,0.29
3.326,0.29
3.3280000000000003,0.29
3.329999999999999,0.28
3.332,0.28
3.3340000000000005,0.28
3.3359999999999994,0.28
3.338,0.28
3.339999999999999,0.28
3.342,0.28
3.3440000000000003,0.28
3.345999999999999,0.28
3.348,0.29
3.3500000000000005,0.29
3.3519999999999994,0.29
3.354,0.29
3.355999999999999,0.29
3.358,0.29
3.3600000000000003,0.29
3.361999999999999,0.29
3.364,0.3
3.3660000000000005,0.29
3.3679999999999994,0.3
3.37,0.3
3.371999999999999,0.29
3.374,0.29
3.3760000000000003,0.28
3.3779999999999992,0.29
3.38,0.29
3.382000000000001,0.28
3.3839999999999995,0.28
3.386,0.28
3.387999999999999,0.29
3.39,0.29
3.3920000000000003,0.29
3.3939999999999992,0.29
3.396,0.28
3.398000000000001,0.28
3.3999999999999995,0.29
3.402,0.29
3.403999999999999,0.29
3.406,0.29
3.4080000000000004,0.29
3.4099999999999997,0.28
3.412,0.29
3.4140000000000006,0.29
3.4159999999999995,0.29
3.418,0.29
3.419999999999999,0.29
3.422,0.29
3.4240000000000004,0.29
3.4259999999999997,0.3
3.428,0.3
3.4300000000000006,0.3
3.4319999999999995,0.29
3.434,0.29
3.435999999999999,0.29
3.438,0.29
3.4400000000000004,0.28
3.4419999999999997,0.29
3.444,0.29
3.445999999999999,0.28
3.4479999999999995,0.28
3.45,0.28
3.451999999999999,0.28
3.454,0.28
3.4560000000000004,0.28
3.4579999999999997,0.28
3.46,0.28
3.461999999999999,0.29
3.4639999999999995,0.28
3.466,0.28
3.467999999999999,0.28
3.47,0.28
3.4720000000000004,0.28
3.4739999999999998,0.27
3.476,0.29
3.477999999999999,0.29
3.4799999999999995,0.29
3.482,0.29
3.483999999999999,0.28
3.486,0.28
3.4880000000000004,0.29
3.4899999999999998,0.27
3.492,0.28
3.493999999999999,0.29
3.496,0.29
3.498,0.28
3.499999999999999,0.27
3.502,0.29
3.5040000000000004,0.28
3.506,0.28
3.508,0.28
3.509999999999999,0.28
3.512,0.29
3.514,0.28
3.515999999999999,0.29
3.518,0.28
3.5200000000000005,0.28
3.522,0.28
3.524,0.29
3.525999999999999,0.29
3.528,0.29
3.53,0.29
3.531999999999999,0.29
3.534,0.28
3.5360000000000005,0.29
3.538,0.28
3.54,0.29
3.541999999999999,0.29
3.544,0.28
3.5460000000000003,0.29
3.547999999999999,0.29
3.55,0.29
3.5520000000000005,0.28
3.5539999999999994,0.28
3.556,0.28
3.557999999999999,0.29
3.56,0.29
3.5620000000000003,0.29
3.563999999999999,0.29
3.566,0.28
3.5680000000000005,0.27
3.5699999999999994,0.28
3.572,0.27
3.573999999999999,0.27
3.576,0.27
3.5780000000000003,0.28
3.579999999999999,0.27
3.582,0.28
3.5840000000000005,0.28
3.5859999999999994,0.28
3.588,0.29
3.589999999999999,0.28
3.592,0.28
3.5940000000000003,0.28
3.595999999999999,0.28
3.598,0.29
3.6000000000000005,0.28
3.6019999999999994,0.28
3.604,0.28
3.605999999999999,0.29
3.608,0.28
3.61,0.29
3.611999999999999,0.28
3.614,0.28
3.616000000000001,0.28
3.618,0.28
3.62,0.28
3.621999999999999,0.29
3.624,0.28
3.626,0.28
3.6279999999999992,0.28
3.63,0.27
3.632000000000001,0.28
3.634,0.28
3.636,0.28
3.637999999999999,0.28
3.64,0.28
3.642,0.28
3.6439999999999992,0.29
3.646,0.28
3.648000000000001,0.28
3.65,0.29
3.652,0.29
3.653999999999999,0.29
3.656,0.29
3.658,0.29
3.6599999999999993,0.29
3.662,0.29
3.6640000000000006,0.29
3.666,0.29
3.668,0.29
3.669999999999999,0.28
3.672,0.28
3.674,0.28
3.6759999999999993,0.28
3.678,0.28
3.6800000000000006,0.28
3.682,0.29
3.684,0.28
3.685999999999999,0.28
3.688,0.28
3.69,0.28
3.6919999999999993,0.28
3.694,0.28
3.695999999999999,0.28
3.698,0.28
3.7,0.29
3.701999999999999,0.29
3.704,0.29
3.706,0.28
3.7079999999999993,0.29
3.71,0.29
3.711999999999999,0.3
3.714,0.29
3.716,0.29
3.717999999999999,0.29
3.72,0.28
3.722,0.29
3.7239999999999993,0.28
3.726,0.29
3.727999999999999,0.28
3.73,0.28
3.732,0.29
3.733999999999999,0.28
3.736,0.28
3.738,0.28
3.7399999999999993,0.29
3.742,0.28
3.743999999999999,0.27
3.746,0.28
3.748,0.27
3.749999999999999,0.28
3.752,0.27
3.754,0.28
3.7559999999999993,0.29
3.758,0.28
3.759999999999999,0.29
3.762,0.29
3.764,0.28
3.765999999999999,0.28
3.768,0.28
3.770000000000001,0.3
3.772,0.29
3.774,0.29
3.775999999999999,0.3
3.778,0.3
3.78,0.3
3.781999999999999,0.3
3.784,0.3
3.786000000000001,0.3
3.788,0.29
3.79,0.3
3.791999999999999,0.29
3.794,0.3
3.796,0.29
3.797999999999999,0.29
3.8,0.29
3.802000000000001,0.29
3.804,0.28
3.806,0.28
3.807999999999999,0.28
3.81,0.28
3.812,0.27
3.813999999999999,0.26
3.816,0.28
3.818000000000001,0.27
3.82,0.28
3.822,0.27
3.823999999999999,0.27
3.826,0.28
3.828,0.29
3.829999999999999,0.29
3.832,0.29
3.834000000000001,0.3
3.836,0.31
3.838,0.31
3.839999999999999,0.31
3.842,0.31
3.844,0.31
3.845999999999999,0.31
3.848,0.3
3.850000000000001,0.3
3.852,0.3
3.854,0.29
3.855999999999999,0.27
3.858,0.27
3.86,0.26
3.861999999999999,0.26
3.864,0.26
3.866000000000001,0.26
3.868,0.26
3.87,0.25
3.871999999999999,0.25
3.874,0.25
3.876,0.26
3.8779999999999992,0.26
3.88,0.27
3.882000000000001,0.26
3.884,0.27
3.886,0.28
3.887999999999999,0.27
3.89,0.27
3.892,0.28
3.8939999999999992,0.3
3.896,0.3
3.898000000000001,0.3
3.9,0.3
3.902,0.3
3.903999999999999,0.3
3.906,0.3
3.908,0.3
3.9099999999999993,0.31
3.912,0.31
3.9140000000000006,0.3
3.916,0.31
3.918,0.31
3.919999999999999,0.3
3.922,0.3
3.924,0.29
3.9259999999999993,0.29
3.928,0.28
3.9300000000000006,0.28
3.932,0.28
3.934,0.27
3.935999999999999,0.27
3.938,0.28
3.94,0.27
3.9419999999999993,0.27
3.944,0.27
3.945999999999999,0.27
3.948,0.27
3.95,0.26
3.951999999999999,0.27
3.954,0.27
3.956,0.28
3.9579999999999993,0.27
3.96,0.27
3.961999999999999,0.27
3.964,0.27
3.966,0.28
3.967999999999999,0.28
3.97,0.28
3.972,0.29
3.9739999999999993,0.29
3.976,0.29
3.977999999999999,0.29
3.98,0.29
3.982,0.29
3.983999999999999,0.29
3.986,0.29
3.988,0.29
3.9899999999999993,0.29
3.992,0.29
3.993999999999999,0.29
3.996,0.28
3.998,0.28
3.999999999999999,0.28
4.002,0.28
4.004,0.28
4.005999999999999,0.28
4.008,0.27
4.009999999999999,0.28
4.012,0.27
4.014,0.28
4.015999999999999,0.28
4.018,0.28
4.0200000000000005,0.27
4.021999999999999,0.28
4.024,0.27
4.025999999999999,0.28
4.028,0.28
4.03,0.28
4.031999999999999,0.28
4.034,0.27
4.0360000000000005,0.27
4.037999999999999,0.28
4.04,0.28
4.041999999999999,0.28
4.044,0.28
4.046,0.28
4.047999999999999,0.28
4.05,0.28
4.0520000000000005,0.29
4.053999999999999,0.29
4.056,0.29
4.057999999999999,0.29
4.06,0.29
4.062,0.29
4.063999999999999,0.28
4.066,0.29
4.0680000000000005,0.28
4.069999999999999,0.29
4.072,0.28
4.073999999999999,0.28
4.076,0.28
4.078,0.28
4.079999999999999,0.28
4.082,0.28
4.0840000000000005,0.29
4.085999999999999,0.28
4.088,0.28
4.089999999999999,0.27
4.092,0.28
4.094,0.27
4.095999999999999,0.27
4.098,0.27
4.1000000000000005,0.27
4.101999999999999,0.27
4.104,0.28
4.105999999999999,0.26
4.108,0.27
4.11,0.28
4.111999999999999,0.28
4.114,0.28
4.1160000000000005,0.28
4.117999999999999,0.28
4.12,0.28
4.121999999999999,0.27
4.124,0.28
4.126,0.28
4.127999999999999,0.29
4.13,0.29
4.132000000000001,0.28
4.134,0.29
4.136,0.29
4.137999999999999,0.29
4.14,0.29
4.142,0.28
4.143999999999999,0.28
4.146,0.27
4.148000000000001,0.28
4.15,0.29
4.152,0.28
4.153999999999999,0.29
4.156,0.28
4.158,0.29
4.159999999999999,0.28
4.162,0.28
4.164000000000001,0.28
4.166,0.28
4.168,0.28
4.169999999999999,0.28
4.172,0.28
4.174,0.28
4.175999999999999,0.28
4.178,0.28
4.180000000000001,0.27
4.182,0.28
4.184,0.28
4.185999999999999,0.28
4.188,0.28
4.19,0.29
4.191999999999999,0.29
4.194,0.28
4.195999999999999,0.29
4.198,0.29
4.2,0.3
4.201999999999999,0.29
4.204,0.29
4.206,0.29
4.207999999999999,0.29
4.21,0.28
4.211999999999999,0.28
4.214,0.28
4.216,0.29
4.217999999999999,0.28
4.22,0.28
4.222,0.28
4.223999999999999,0.27
4.226,0.29
4.227999999999999,0.28
4.23,0.28
4.232,0.29
4.233999999999999,0.29
4.236,0.29
4.238,0.29
4.239999999999999,0.29
4.242,0.29
4.243999999999999,0.29
4.246,0.29
4.248,0.29
4.249999999999999,0.3
4.252,0.29
4.254,0.29
4.255999999999999,0.29
4.258,0.28
4.259999999999999,0.29
4.262,0.29
4.264,0.29
4.265999999999999,0.28
4.268,0.28
4.2700000000000005,0.28
4.271999999999999,0.27
4.274,0.28
4.275999999999999,0.28
4.278,0.28
4.28,0.28
4.281999999999999,0.28
4.284,0.28
4.2860000000000005,0.28
4.287999999999999,0.28
4.29,0.28
4.291999999999999,0.28
4.294,0.28
4.296,0.29
4.297999999999999,0.28
4.3,0.29
4.3020000000000005,0.29
4.303999999999999,0.28
4.306,0.27
4.307999999999999,0.28
4.31,0.28
4.312,0.28
4.313999999999999,0.28
4.316,0.28
4.3180000000000005,0.29
4.319999999999999,0.28
4.322,0.29
4.323999999999999,0.29
4.326,0.29
4.328,0.29
4.329999999999999,0.29
4.332,0.3
4.3340000000000005,0.29
4.335999999999999,0.29
4.338,0.28
4.339999999999999,0.28
4.342,0.28
4.344,0.28
4.345999999999999,0.28
4.348,0.28
4.3500000000000005,0.28
4.351999999999999,0.29
4.354,0.28
4.355999999999999,0.27
4.358,0.28
4.36,0.28
4.361999999999999,0.28
4.364,0.28
4.3660000000000005,0.28
4.367999999999999,0.28
4.37,0.28
4.371999999999999,0.28
4.374,0.28
4.376,0.28
4.377999999999999,0.28
4.38,0.28
4.382000000000001,0.28
4.384,0.28
4.386,0.28
4.387999999999999,0.28
4.39,0.28
4.392,0.29
4.393999999999999,0.28
4.396,0.28
4.398000000000001,0.29
4.4,0.28
4.402,0.29
4.403999999999999,0.28
4.406,0.28
4.408,0.28
4.409999999999999,0.28
4.412,0.28
4.414000000000001,0.28
4.416,0.29
4.418,0.29
4.419999999999999,0.29
4.422,0.29
4.424,0.28
4.425999999999999,0.28
4.428,0.28
4.430000000000001,0.29
4.432,0.29
4.434,0.28
4.435999999999999,0.29
4.438,0.29
4.44,0.29
4.441999999999999,0.29
4.444,0.28
4.445999999999999,0.28
4.448,0.29
4.45,0.28
4.451999999999999,0.27
4.454,0.27
4.456,0.28
4.457999999999999,0.27
4.46,0.29
4.461999999999999,0.28
4.464,0.29
4.466,0.29
4.467999999999999,0.29
4.47,0.3
4.472,0.31
4.473999999999999,0.31
4.476,0.32
4.477999999999999,0.32
4.48,0.33
4.482,0.34
4.483999999999999,0.34
4.486,0.35
4.488,0.35
4.489999999999999,0.36
4.492,0.38
4.493999999999999,0.38
4.496,0.39
4.498,0.39
4.499999999999999,0.4
4.502,0.4
4.504,0.41
4.505999999999999,0.41
4.508,0.42
4.509999999999999,0.42
4.512,0.42
4.514,0.41
4.515999999999999,0.41
4.518,0.39
4.5200000000000005,0.39
4.521999999999999,0.37
4.524,0.35
4.525999999999999,0.33
4.528,0.31
4.53,0.29
4.531999999999999,0.27
4.534,0.25
4.5360000000000005,0.23
4.537999999999999,0.23
4.54,0.21
4.541999999999999,0.21
4.544,0.21
4.546,0.2
4.547999999999999,0.21
4.55,0.21
4.5520000000000005,0.17
4.553999999999999,0.16
4.556,0.13
4.557999999999999,0.11
4.56,0.11
4.562,0.09
4.563999999999999,0.08
4.566,0.07
4.5680000000000005,0.06
4.569999999999999,0.04
4.572,0.04
4.573999999999999,0.03
4.576,0.01
4.578,0.01
4.579999999999999,-0.01
4.582,0.0
4.5840000000000005,0.01
4.585999999999999,0.0
4.588,0.0
4.589999999999999,0.0
4.592,0.0
4.594,0.0
4.595999999999999,-0.01
4.598,0.0
4.6000000000000005,0.0
4.601999999999999,0.0
4.604,0.01
4.605999999999999,0.0
4.608,0.0
4.61,0.0
4.611999999999999,0.01
4.614,0.01
4.6160000000000005,0.01
4.617999999999999,0.0
4.62,0.01
4.621999999999999,0.01
4.624,0.01
4.626,0.01
4.627999999999999,0.01
4.63,0.0
4.632000000000001,0.0
4.634,0.0
4.636,0.0
4.637999999999999,0.0
4.64,0.0
4.642,-0.01
4.643999999999999,0.0
4.646,0.0
4.648000000000001,0.0
4.65,0.0
4.652,0.0
4.653999999999999,0.0
4.656,0.0
4.658,0.0
4.659999999999999,0.0
4.662,0.01
4.664000000000001,0.01
4.666,0.0
4.668,0.0
4.669999999999999,0.0
4.672,0.01
4.674,0.0
4.675999999999999,0.0
4.678,0.0
4.680000000000001,0.0
4.682,0.0
4.684,0.0
4.685999999999999,0.0
4.688,0.0
4.69,0.01
4.691999999999999,0.0
4.694,0.0
4.695999999999999,0.01
4.698,0.01
4.7,0.01
4.701999999999999,0.01
4.704,0.0
4.706,0.01
4.707999999999999,0.0
4.71,0.0
4.711999999999999,0.01
4.714,0.01
4.716,0.0
4.717999999999999,0.0
4.72,0.01
4.722,0.0
4.723999999999999,0.01
4.726,0.0
4.727999999999999,0.01
4.73,0.0
4.732,0.0
4.733999999999999,0.01
4.736,0.02
4.738,0.01
4.739999999999999,0.01
4.742,0.01
4.743999999999999,0.01
4.746,0.0
4.748,0.0
4.749999999999999,0.01
4.752,0.01
4.754,0.01
4.755999999999999,0.01
4.758,0.0
4.759999999999999,0.0
4.762,0.01
4.764,0.01
4.765999999999999,0.01
4.768,0.0
4.7700000000000005,0.0
4.771999999999999,0.0
4.774,0.0
4.775999999999999,0.0
4.778,0.0
4.78,0.0
4.781999999999999,0.0
4.784,0.01
4.7860000000000005,0.0
4.787999999999999,0.0
4.79,0.01
4.791999999999999,0.01
4.794,0.0
4.796,0.0
4.797999999999999,0.0
4.8,0.0
4.8020000000000005,0.0
4.803999999999999,0.0
4.806,0.0
4.807999999999999,0.0
4.81,0.0
4.812,0.01
4.813999999999999,0.0
4.816,0.01
4.8180000000000005,0.01
4.819999999999999,0.0
4.822,0.01
4.823999999999999,0.01
4.826,0.0
4.828,0.01
4.829999999999999,0.01
4.832,0.01
4.8340000000000005,0.0
4.835999999999999,0.01
4.838,0.01
4.839999999999999,0.01
4.842,0.0
4.844,0.01
4.845999999999999,0.0
4.848,0.0
4.8500000000000005,0.0
4.851999999999999,0.0
4.854,0.0
4.855999999999999,0.0
4.858,0.0
4.86,0.0
4.861999999999999,0.01
4.864,0.0
4.8660000000000005,0.0
4.867999999999999,0.0
4.87,0.0
4.871999999999999,0.0
4.874,0.0
4.876,0.0
4.877999999999999,0.01
4.88,0.0
4.882000000000001,0.0
4.884,0.0
4.886,0.0
4.887999999999999,0.0
4.89,0.0
4.892,0.0
4.893999999999999,0.01
4.896,0.01
4.898000000000001,0.0
4.9,0.0
4.902,-0.01
4.903999999999999,0.0
4.906,0.0
4.908,0.0
4.909999999999999,0.0
4.912,0.0
4.914000000000001,0.0
4.916,0.0
4.918,0.0
4.919999999999999,0.0
4.922,0.0
4.924,0.01
4.925999999999999,0.0
4.928,0.0
4.930000000000001,0.0
4.932,0.0
4.934,0.0
4.935999999999999,0.0
4.938,0.01
4.94,0.0
4.941999999999999,0.0
4.944,0.0
4.945999999999999,-0.01
4.948,0.01
4.95,0.01
4.951999999999999,0.01
4.954,0.01
4.956,0.02
4.957999999999999,0.01
4.96,0.0
4.961999999999999,0.0
4.964,0.0
4.966,0.0
4.967999999999999,0.01
4.97,0.01
4.972,0.01
4.973999999999999,0.0
4.976,0.0
4.977999999999999,0.0
4.98,0.0
4.982,0.0
4.983999999999999,0.01
4.986,0.01
4.988,0.0
4.989999999999999,0.01
4.992,0.0
4.993999999999999,0.0
4.996,0.0
4.998,0.0
4.999999999999999,0.0
5.002,0.0
5.004,0.0
5.005999999999999,0.0
5.008,-0.01
5.009999999999999,0.0
5.012,0.0
5.014,-0.01
5.015999999999999,0.0
5.018,0.0
5.0200000000000005,-0.01
5.021999999999999,0.0
5.024,-0.01
5.025999999999999,0.0
5.028,0.0
5.03,0.0
5.031999999999999,0.01
5.034,0.0
5.0360000000000005,0.0
5.037999999999999,0.0
5.04,0.01
5.041999999999999,0.0
5.044,0.01
5.046,0.0
5.047999999999999,0.01
5.05,0.01
5.0520000000000005,0.01
5.053999999999999,0.02
5.056,0.01
5.057999999999999,0.01
5.06,0.0
5.062,0.02
5.063999999999999,0.0
5.066,0.01
5.0680000000000005,0.01
5.069999999999999,0.01
5.072,0.02
5.073999999999999,0.01
5.076,0.01
5.078,0.0
5.079999999999999,0.0
5.082,0.0
5.0840000000000005,0.01
5.085999999999999,0.01
5.088,0.01
5.089999999999999,0.01
5.092,0.01
5.094,0.02
5.095999999999999,0.02
5.098,0.0
5.1000000000000005,0.01
5.101999999999999,0.01
5.104,0.01
5.105999999999999,0.01
5.108,0.0
5.11,0.0
5.111999999999999,0.0
5.114,0.01
5.1160000000000005,0.0
5.117999999999999,0.0
5.12,0.0
5.121999999999999,0.0
5.124,0.0
5.126,0.01
5.127999999999999,0.01
5.13,0.0
5.132000000000001,0.0
5.134,0.01
5.136,0.0
5.137999999999999,0.0
5.14,0.0
5.142,0.0
5.143999999999999,0.01
5.146,0.01
5.148000000000001,0.0
5.15,0.01
5.152,0.01
5.153999999999999,0.01
5.156,0.01
5.158,0.01
5.159999999999999,0.01
5.162,0.01
5.164000000000001,0.01
5.166,0.01
5.168,0.01
5.169999999999999,0.01
5.172,0.01
5.174,0.02
5.175999999999999,0.02
5.178,0.01
5.180000000000001,0.01
5.182,0.0
5.184,0.01
5.185999999999999,0.0
5.188,0.0
5.19,0.0
5.191999999999999,0.0
5.194,0.0
5.195999999999999,0.01
5.198,0.01
5.2,0.0
5.201999999999999,0.0
5.204,0.0
5.206,0.01
5.207999999999999,0.01
5.21,0.0
5.211999999999999,0.0
5.214,0.0
5.216,0.0
5.217999999999999,0.0
5.22,0.0
5.222,0.0
5.223999999999999,-0.01
5.226,-0.01
5.227999999999999,-0.01
5.23,0.0
5.232,0.0
5.233999999999999,0.01
5.236,0.01
5.238,0.0
5.239999999999999,0.01
5.242,0.01
5.243999999999999,0.01
5.246,0.01
5.248,0.0
5.249999999999999,0.01
5.252,0.01
5.254,0.0
5.255999999999999,0.01
5.258,0.01
5.259999999999999,0.01
5.262,0.01
5.264,0.02
5.265999999999999,0.01
5.268,0.01
5.2700000000000005,0.01
5.271999999999999,0.01
5.274,0.01
5.275999999999999,0.01
5.278,0.01
5.28,0.01
5.281999999999999,0.0
5.284,0.0
5.2860000000000005,0.0
5.287999999999999,0.0
5.29,0.0
5.291999999999999,0.0
5.294,0.0
5.296,0.0
5.297999999999999,0.01
5.3,0.0
5.3020000000000005,0.01
5.303999999999999,0.01
5.306,0.01
5.307999999999999,0.0
5.31,0.0
5.312,0.0
5.313999999999999,0.01
5.316,0.0
5.3180000000000005,0.02
5.319999999999999,0.01
5.322,0.01
5.323999999999999,0.01
5.326,0.01
5.328,0.01
5.329999999999999,0.01
5.332,0.02
5.3340000000000005,0.01
5.335999999999999,0.01
5.338,0.0
5.339999999999999,0.0
5.342,0.0
5.344,0.01
5.345999999999999,0.02
5.348,0.01
5.3500000000000005,0.02
5.351999999999999,0.01
5.354,0.01
5.355999999999999,0.01
5.358,0.01
5.36,0.01
5.361999999999999,0.01
5.364,0.01
5.3660000000000005,0.0
5.367999999999999,0.01
5.37,0.02
5.371999999999999,0.01
5.374,0.02
5.376,0.02
5.377999999999999,0.01
5.38,0.01
5.382000000000001,0.01
5.384,0.01
5.386,0.0
5.387999999999999,0.0
5.39,0.0
5.392,0.0
5.393999999999999,0.01
5.396,0.01
5.398000000000001,0.01
5.4,0.02
5.402,0.01
5.403999999999999,0.0
5.406,0.01
5.408,0.01
5.409999999999999,0.0
5.412,0.0
5.414000000000001,0.0
5.416,0.01
5.418,0.0
5.419999999999999,0.01
5.422,0.01
5.424,0.01
5.425999999999999,0.01
5.428,0.01
5.430000000000001,0.01
5.432,0.02
5.434,0.01
5.435999999999999,0.01
5.438,0.02
5.44,0.01
5.441999999999999,0.01
5.444,0.01
5.445999999999999,0.0
5.448,0.01
5.45,0.0
5.451999999999999,0.0
5.454,0.0
5.456,0.0
5.457999999999999,0.0
5.46,0.0
5.461999999999999,0.0
5.464,0.01
5.466,0.01
5.467999999999999,0.01
5.47,0.0
5.472,0.01
5.473999999999999,0.0
5.476,0.0
5.477999999999999,0.0
5.48,0.0
5.482,0.0
5.483999999999999,0.0
5.486,0.0
5.488,0.0
5.489999999999999,0.01
5.492,0.0
5.493999999999999,0.01
5.496,0.0
5.498,0.0
5.499999999999999,0.01
5.502,0.0
5.504,0.01
5.505999999999999,0.0
5.508,0.0
5.509999999999999,0.0
5.512,0.01
5.514,0.0
5.515999999999999,0.0
5.518,0.0
5.5200000000000005,0.0
5.521999999999999,0.0
5.524,-0.01
5.525999999999999,0.0
5.528,
5.53,
5.531999999999999,
5.534,
5.5360000000000005,
5.537999999999999,
